{
  "Total" : {
    "transaction" : "Total",
    "sampleCount" : 1,
    "errorCount" : 0,
    "errorPct" : 0.0,
    "meanResTime" : 651.0,
    "medianResTime" : 651.0,
    "minResTime" : 651.0,
    "maxResTime" : 651.0,
    "pct1ResTime" : 651.0,
    "pct2ResTime" : 651.0,
    "pct3ResTime" : 651.0,
    "throughput" : 1.5360983102918586,
    "receivedKBytesPerSec" : 103.1271001344086,
    "sentKBytesPerSec" : 0.20701324884792627
  },
  "Obtener 1k pokemones" : {
    "transaction" : "Obtener 1k pokemones",
    "sampleCount" : 1,
    "errorCount" : 0,
    "errorPct" : 0.0,
    "meanResTime" : 651.0,
    "medianResTime" : 651.0,
    "minResTime" : 651.0,
    "maxResTime" : 651.0,
    "pct1ResTime" : 651.0,
    "pct2ResTime" : 651.0,
    "pct3ResTime" : 651.0,
    "throughput" : 1.5360983102918586,
    "receivedKBytesPerSec" : 103.1271001344086,
    "sentKBytesPerSec" : 0.20701324884792627
  }
}