{
  "Total" : {
    "transaction" : "Total",
    "sampleCount" : 1,
    "errorCount" : 0,
    "errorPct" : 0.0,
    "meanResTime" : 1271.0,
    "medianResTime" : 1271.0,
    "minResTime" : 1271.0,
    "maxResTime" : 1271.0,
    "pct1ResTime" : 1271.0,
    "pct2ResTime" : 1271.0,
    "pct3ResTime" : 1271.0,
    "throughput" : 0.7867820613690008,
    "receivedKBytesPerSec" : 52.82503933910307,
    "sentKBytesPerSec" : 0.10603117623918175
  },
  "Obtener 1k pokemones" : {
    "transaction" : "Obtener 1k pokemones",
    "sampleCount" : 1,
    "errorCount" : 0,
    "errorPct" : 0.0,
    "meanResTime" : 1271.0,
    "medianResTime" : 1271.0,
    "minResTime" : 1271.0,
    "maxResTime" : 1271.0,
    "pct1ResTime" : 1271.0,
    "pct2ResTime" : 1271.0,
    "pct3ResTime" : 1271.0,
    "throughput" : 0.7867820613690008,
    "receivedKBytesPerSec" : 52.82503933910307,
    "sentKBytesPerSec" : 0.10603117623918175
  }
}