{
  "Total" : {
    "transaction" : "Total",
    "sampleCount" : 1,
    "errorCount" : 0,
    "errorPct" : 0.0,
    "meanResTime" : 424.0,
    "medianResTime" : 424.0,
    "minResTime" : 424.0,
    "maxResTime" : 424.0,
    "pct1ResTime" : 424.0,
    "pct2ResTime" : 424.0,
    "pct3ResTime" : 424.0,
    "throughput" : 2.3584905660377355,
    "receivedKBytesPerSec" : 158.21464106721697,
    "sentKBytesPerSec" : 0.31784345518867924
  },
  "Obtener 1k pokemones" : {
    "transaction" : "Obtener 1k pokemones",
    "sampleCount" : 1,
    "errorCount" : 0,
    "errorPct" : 0.0,
    "meanResTime" : 424.0,
    "medianResTime" : 424.0,
    "minResTime" : 424.0,
    "maxResTime" : 424.0,
    "pct1ResTime" : 424.0,
    "pct2ResTime" : 424.0,
    "pct3ResTime" : 424.0,
    "throughput" : 2.3584905660377355,
    "receivedKBytesPerSec" : 158.21464106721697,
    "sentKBytesPerSec" : 0.31784345518867924
  }
}