{
  "Total" : {
    "transaction" : "Total",
    "sampleCount" : 1,
    "errorCount" : 0,
    "errorPct" : 0.0,
    "meanResTime" : 824.0,
    "medianResTime" : 824.0,
    "minResTime" : 824.0,
    "maxResTime" : 824.0,
    "pct1ResTime" : 824.0,
    "pct2ResTime" : 824.0,
    "pct3ResTime" : 824.0,
    "throughput" : 1.2135922330097086,
    "receivedKBytesPerSec" : 81.39601031553399,
    "sentKBytesPerSec" : 0.16355051577669905
  },
  "Obtener 1k pokemones" : {
    "transaction" : "Obtener 1k pokemones",
    "sampleCount" : 1,
    "errorCount" : 0,
    "errorPct" : 0.0,
    "meanResTime" : 824.0,
    "medianResTime" : 824.0,
    "minResTime" : 824.0,
    "maxResTime" : 824.0,
    "pct1ResTime" : 824.0,
    "pct2ResTime" : 824.0,
    "pct3ResTime" : 824.0,
    "throughput" : 1.2135922330097086,
    "receivedKBytesPerSec" : 81.39601031553399,
    "sentKBytesPerSec" : 0.16355051577669905
  }
}