{
  "Total" : {
    "transaction" : "Total",
    "sampleCount" : 1,
    "errorCount" : 0,
    "errorPct" : 0.0,
    "meanResTime" : 1492.0,
    "medianResTime" : 1492.0,
    "minResTime" : 1492.0,
    "maxResTime" : 1492.0,
    "pct1ResTime" : 1492.0,
    "pct2ResTime" : 1492.0,
    "pct3ResTime" : 1492.0,
    "throughput" : 0.6702412868632708,
    "receivedKBytesPerSec" : 45.0030370308311,
    "sentKBytesPerSec" : 0.09032548592493297
  },
  "Obtener 1k pokemones" : {
    "transaction" : "Obtener 1k pokemones",
    "sampleCount" : 1,
    "errorCount" : 0,
    "errorPct" : 0.0,
    "meanResTime" : 1492.0,
    "medianResTime" : 1492.0,
    "minResTime" : 1492.0,
    "maxResTime" : 1492.0,
    "pct1ResTime" : 1492.0,
    "pct2ResTime" : 1492.0,
    "pct3ResTime" : 1492.0,
    "throughput" : 0.6702412868632708,
    "receivedKBytesPerSec" : 45.0030370308311,
    "sentKBytesPerSec" : 0.09032548592493297
  }
}