{
  "Total" : {
    "transaction" : "Total",
    "sampleCount" : 1,
    "errorCount" : 0,
    "errorPct" : 0.0,
    "meanResTime" : 664.0,
    "medianResTime" : 664.0,
    "minResTime" : 664.0,
    "maxResTime" : 664.0,
    "pct1ResTime" : 664.0,
    "pct2ResTime" : 664.0,
    "pct3ResTime" : 664.0,
    "throughput" : 1.5060240963855422,
    "receivedKBytesPerSec" : 101.11834054969879,
    "sentKBytesPerSec" : 0.2029602786144578
  },
  "Obtener 1k pokemones" : {
    "transaction" : "Obtener 1k pokemones",
    "sampleCount" : 1,
    "errorCount" : 0,
    "errorPct" : 0.0,
    "meanResTime" : 664.0,
    "medianResTime" : 664.0,
    "minResTime" : 664.0,
    "maxResTime" : 664.0,
    "pct1ResTime" : 664.0,
    "pct2ResTime" : 664.0,
    "pct3ResTime" : 664.0,
    "throughput" : 1.5060240963855422,
    "receivedKBytesPerSec" : 101.11834054969879,
    "sentKBytesPerSec" : 0.2029602786144578
  }
}