{
  "Total" : {
    "transaction" : "Total",
    "sampleCount" : 1,
    "errorCount" : 0,
    "errorPct" : 0.0,
    "meanResTime" : 509.0,
    "medianResTime" : 509.0,
    "minResTime" : 509.0,
    "maxResTime" : 509.0,
    "pct1ResTime" : 509.0,
    "pct2ResTime" : 509.0,
    "pct3ResTime" : 509.0,
    "throughput" : 1.9646365422396854,
    "receivedKBytesPerSec" : 131.78989133104125,
    "sentKBytesPerSec" : 0.26476547151277013
  },
  "Obtener 1k pokemones" : {
    "transaction" : "Obtener 1k pokemones",
    "sampleCount" : 1,
    "errorCount" : 0,
    "errorPct" : 0.0,
    "meanResTime" : 509.0,
    "medianResTime" : 509.0,
    "minResTime" : 509.0,
    "maxResTime" : 509.0,
    "pct1ResTime" : 509.0,
    "pct2ResTime" : 509.0,
    "pct3ResTime" : 509.0,
    "throughput" : 1.9646365422396854,
    "receivedKBytesPerSec" : 131.78989133104125,
    "sentKBytesPerSec" : 0.26476547151277013
  }
}