{
  "Total" : {
    "transaction" : "Total",
    "sampleCount" : 1,
    "errorCount" : 0,
    "errorPct" : 0.0,
    "meanResTime" : 1127.0,
    "medianResTime" : 1127.0,
    "minResTime" : 1127.0,
    "maxResTime" : 1127.0,
    "pct1ResTime" : 1127.0,
    "pct2ResTime" : 1127.0,
    "pct3ResTime" : 1127.0,
    "throughput" : 0.8873114463176576,
    "receivedKBytesPerSec" : 59.57637810559006,
    "sentKBytesPerSec" : 0.11957908163265306
  },
  "Obtener 1k pokemones" : {
    "transaction" : "Obtener 1k pokemones",
    "sampleCount" : 1,
    "errorCount" : 0,
    "errorPct" : 0.0,
    "meanResTime" : 1127.0,
    "medianResTime" : 1127.0,
    "minResTime" : 1127.0,
    "maxResTime" : 1127.0,
    "pct1ResTime" : 1127.0,
    "pct2ResTime" : 1127.0,
    "pct3ResTime" : 1127.0,
    "throughput" : 0.8873114463176576,
    "receivedKBytesPerSec" : 59.57637810559006,
    "sentKBytesPerSec" : 0.11957908163265306
  }
}