{
  "Total" : {
    "transaction" : "Total",
    "sampleCount" : 1,
    "errorCount" : 0,
    "errorPct" : 0.0,
    "meanResTime" : 1092.0,
    "medianResTime" : 1092.0,
    "minResTime" : 1092.0,
    "maxResTime" : 1092.0,
    "pct1ResTime" : 1092.0,
    "pct2ResTime" : 1092.0,
    "pct3ResTime" : 1092.0,
    "throughput" : 0.9157509157509157,
    "receivedKBytesPerSec" : 61.485877403846146,
    "sentKBytesPerSec" : 0.1234117445054945
  },
  "Obtener 1k pokemones" : {
    "transaction" : "Obtener 1k pokemones",
    "sampleCount" : 1,
    "errorCount" : 0,
    "errorPct" : 0.0,
    "meanResTime" : 1092.0,
    "medianResTime" : 1092.0,
    "minResTime" : 1092.0,
    "maxResTime" : 1092.0,
    "pct1ResTime" : 1092.0,
    "pct2ResTime" : 1092.0,
    "pct3ResTime" : 1092.0,
    "throughput" : 0.9157509157509157,
    "receivedKBytesPerSec" : 61.485877403846146,
    "sentKBytesPerSec" : 0.1234117445054945
  }
}