{
  "Total" : {
    "transaction" : "Total",
    "sampleCount" : 1,
    "errorCount" : 0,
    "errorPct" : 0.0,
    "meanResTime" : 629.0,
    "medianResTime" : 629.0,
    "minResTime" : 629.0,
    "maxResTime" : 629.0,
    "pct1ResTime" : 629.0,
    "pct2ResTime" : 629.0,
    "pct3ResTime" : 629.0,
    "throughput" : 1.589825119236884,
    "receivedKBytesPerSec" : 106.74806240063593,
    "sentKBytesPerSec" : 0.21425377583465818
  },
  "Obtener 1k pokemones" : {
    "transaction" : "Obtener 1k pokemones",
    "sampleCount" : 1,
    "errorCount" : 0,
    "errorPct" : 0.0,
    "meanResTime" : 629.0,
    "medianResTime" : 629.0,
    "minResTime" : 629.0,
    "maxResTime" : 629.0,
    "pct1ResTime" : 629.0,
    "pct2ResTime" : 629.0,
    "pct3ResTime" : 629.0,
    "throughput" : 1.589825119236884,
    "receivedKBytesPerSec" : 106.74806240063593,
    "sentKBytesPerSec" : 0.21425377583465818
  }
}