{
  "Total" : {
    "transaction" : "Total",
    "sampleCount" : 1,
    "errorCount" : 0,
    "errorPct" : 0.0,
    "meanResTime" : 599.0,
    "medianResTime" : 599.0,
    "minResTime" : 599.0,
    "maxResTime" : 599.0,
    "pct1ResTime" : 599.0,
    "pct2ResTime" : 599.0,
    "pct3ResTime" : 599.0,
    "throughput" : 1.669449081803005,
    "receivedKBytesPerSec" : 112.09111540066779,
    "sentKBytesPerSec" : 0.2249843489148581
  },
  "Obtener 1k pokemones" : {
    "transaction" : "Obtener 1k pokemones",
    "sampleCount" : 1,
    "errorCount" : 0,
    "errorPct" : 0.0,
    "meanResTime" : 599.0,
    "medianResTime" : 599.0,
    "minResTime" : 599.0,
    "maxResTime" : 599.0,
    "pct1ResTime" : 599.0,
    "pct2ResTime" : 599.0,
    "pct3ResTime" : 599.0,
    "throughput" : 1.669449081803005,
    "receivedKBytesPerSec" : 112.09111540066779,
    "sentKBytesPerSec" : 0.2249843489148581
  }
}