{
  "Total" : {
    "transaction" : "Total",
    "sampleCount" : 1,
    "errorCount" : 0,
    "errorPct" : 0.0,
    "meanResTime" : 787.0,
    "medianResTime" : 787.0,
    "minResTime" : 787.0,
    "maxResTime" : 787.0,
    "pct1ResTime" : 787.0,
    "pct2ResTime" : 787.0,
    "pct3ResTime" : 787.0,
    "throughput" : 1.2706480304955527,
    "receivedKBytesPerSec" : 85.22524221728081,
    "sentKBytesPerSec" : 0.1712396759847522
  },
  "Obtener 1k pokemones" : {
    "transaction" : "Obtener 1k pokemones",
    "sampleCount" : 1,
    "errorCount" : 0,
    "errorPct" : 0.0,
    "meanResTime" : 787.0,
    "medianResTime" : 787.0,
    "minResTime" : 787.0,
    "maxResTime" : 787.0,
    "pct1ResTime" : 787.0,
    "pct2ResTime" : 787.0,
    "pct3ResTime" : 787.0,
    "throughput" : 1.2706480304955527,
    "receivedKBytesPerSec" : 85.22524221728081,
    "sentKBytesPerSec" : 0.1712396759847522
  }
}