{
  "Total" : {
    "transaction" : "Total",
    "sampleCount" : 1,
    "errorCount" : 0,
    "errorPct" : 0.0,
    "meanResTime" : 611.0,
    "medianResTime" : 611.0,
    "minResTime" : 611.0,
    "maxResTime" : 611.0,
    "pct1ResTime" : 611.0,
    "pct2ResTime" : 611.0,
    "pct3ResTime" : 611.0,
    "throughput" : 1.6366612111292964,
    "receivedKBytesPerSec" : 109.89284983633388,
    "sentKBytesPerSec" : 0.22056567103109656
  },
  "Obtener 1k pokemones" : {
    "transaction" : "Obtener 1k pokemones",
    "sampleCount" : 1,
    "errorCount" : 0,
    "errorPct" : 0.0,
    "meanResTime" : 611.0,
    "medianResTime" : 611.0,
    "minResTime" : 611.0,
    "maxResTime" : 611.0,
    "pct1ResTime" : 611.0,
    "pct2ResTime" : 611.0,
    "pct3ResTime" : 611.0,
    "throughput" : 1.6366612111292964,
    "receivedKBytesPerSec" : 109.89284983633388,
    "sentKBytesPerSec" : 0.22056567103109656
  }
}