{
  "Total" : {
    "transaction" : "Total",
    "sampleCount" : 1,
    "errorCount" : 0,
    "errorPct" : 0.0,
    "meanResTime" : 515.0,
    "medianResTime" : 515.0,
    "minResTime" : 515.0,
    "maxResTime" : 515.0,
    "pct1ResTime" : 515.0,
    "pct2ResTime" : 515.0,
    "pct3ResTime" : 515.0,
    "throughput" : 1.941747572815534,
    "receivedKBytesPerSec" : 130.25826759708738,
    "sentKBytesPerSec" : 0.26168082524271846
  },
  "Obtener 1k pokemones" : {
    "transaction" : "Obtener 1k pokemones",
    "sampleCount" : 1,
    "errorCount" : 0,
    "errorPct" : 0.0,
    "meanResTime" : 515.0,
    "medianResTime" : 515.0,
    "minResTime" : 515.0,
    "maxResTime" : 515.0,
    "pct1ResTime" : 515.0,
    "pct2ResTime" : 515.0,
    "pct3ResTime" : 515.0,
    "throughput" : 1.941747572815534,
    "receivedKBytesPerSec" : 130.25826759708738,
    "sentKBytesPerSec" : 0.26168082524271846
  }
}