{
  "Total" : {
    "transaction" : "Total",
    "sampleCount" : 1,
    "errorCount" : 0,
    "errorPct" : 0.0,
    "meanResTime" : 700.0,
    "medianResTime" : 700.0,
    "minResTime" : 700.0,
    "maxResTime" : 700.0,
    "pct1ResTime" : 700.0,
    "pct2ResTime" : 700.0,
    "pct3ResTime" : 700.0,
    "throughput" : 1.4285714285714286,
    "receivedKBytesPerSec" : 95.91517857142858,
    "sentKBytesPerSec" : 0.19252232142857145
  },
  "Obtener 1k pokemones" : {
    "transaction" : "Obtener 1k pokemones",
    "sampleCount" : 1,
    "errorCount" : 0,
    "errorPct" : 0.0,
    "meanResTime" : 700.0,
    "medianResTime" : 700.0,
    "minResTime" : 700.0,
    "maxResTime" : 700.0,
    "pct1ResTime" : 700.0,
    "pct2ResTime" : 700.0,
    "pct3ResTime" : 700.0,
    "throughput" : 1.4285714285714286,
    "receivedKBytesPerSec" : 95.91517857142858,
    "sentKBytesPerSec" : 0.19252232142857145
  }
}