{
  "Total" : {
    "transaction" : "Total",
    "sampleCount" : 1,
    "errorCount" : 0,
    "errorPct" : 0.0,
    "meanResTime" : 734.0,
    "medianResTime" : 734.0,
    "minResTime" : 734.0,
    "maxResTime" : 734.0,
    "pct1ResTime" : 734.0,
    "pct2ResTime" : 734.0,
    "pct3ResTime" : 734.0,
    "throughput" : 1.3623978201634876,
    "receivedKBytesPerSec" : 91.37644754768392,
    "sentKBytesPerSec" : 0.18360439373297002
  },
  "Obtener 1k pokemones" : {
    "transaction" : "Obtener 1k pokemones",
    "sampleCount" : 1,
    "errorCount" : 0,
    "errorPct" : 0.0,
    "meanResTime" : 734.0,
    "medianResTime" : 734.0,
    "minResTime" : 734.0,
    "maxResTime" : 734.0,
    "pct1ResTime" : 734.0,
    "pct2ResTime" : 734.0,
    "pct3ResTime" : 734.0,
    "throughput" : 1.3623978201634876,
    "receivedKBytesPerSec" : 91.37644754768392,
    "sentKBytesPerSec" : 0.18360439373297002
  }
}