{
  "Total" : {
    "transaction" : "Total",
    "sampleCount" : 1,
    "errorCount" : 0,
    "errorPct" : 0.0,
    "meanResTime" : 692.0,
    "medianResTime" : 692.0,
    "minResTime" : 692.0,
    "maxResTime" : 692.0,
    "pct1ResTime" : 692.0,
    "pct2ResTime" : 692.0,
    "pct3ResTime" : 692.0,
    "throughput" : 1.445086705202312,
    "receivedKBytesPerSec" : 97.01273482658961,
    "sentKBytesPerSec" : 0.19474801300578037
  },
  "Obtener 1k pokemones" : {
    "transaction" : "Obtener 1k pokemones",
    "sampleCount" : 1,
    "errorCount" : 0,
    "errorPct" : 0.0,
    "meanResTime" : 692.0,
    "medianResTime" : 692.0,
    "minResTime" : 692.0,
    "maxResTime" : 692.0,
    "pct1ResTime" : 692.0,
    "pct2ResTime" : 692.0,
    "pct3ResTime" : 692.0,
    "throughput" : 1.445086705202312,
    "receivedKBytesPerSec" : 97.01273482658961,
    "sentKBytesPerSec" : 0.19474801300578037
  }
}