{
  "Total" : {
    "transaction" : "Total",
    "sampleCount" : 1,
    "errorCount" : 0,
    "errorPct" : 0.0,
    "meanResTime" : 303.0,
    "medianResTime" : 303.0,
    "minResTime" : 303.0,
    "maxResTime" : 303.0,
    "pct1ResTime" : 303.0,
    "pct2ResTime" : 303.0,
    "pct3ResTime" : 303.0,
    "throughput" : 3.3003300330033003,
    "receivedKBytesPerSec" : 221.38961943069307,
    "sentKBytesPerSec" : 0.4447710396039604
  },
  "Obtener 1k pokemones" : {
    "transaction" : "Obtener 1k pokemones",
    "sampleCount" : 1,
    "errorCount" : 0,
    "errorPct" : 0.0,
    "meanResTime" : 303.0,
    "medianResTime" : 303.0,
    "minResTime" : 303.0,
    "maxResTime" : 303.0,
    "pct1ResTime" : 303.0,
    "pct2ResTime" : 303.0,
    "pct3ResTime" : 303.0,
    "throughput" : 3.3003300330033003,
    "receivedKBytesPerSec" : 221.38961943069307,
    "sentKBytesPerSec" : 0.4447710396039604
  }
}