{
  "Total" : {
    "transaction" : "Total",
    "sampleCount" : 1,
    "errorCount" : 0,
    "errorPct" : 0.0,
    "meanResTime" : 774.0,
    "medianResTime" : 774.0,
    "minResTime" : 774.0,
    "maxResTime" : 774.0,
    "pct1ResTime" : 774.0,
    "pct2ResTime" : 774.0,
    "pct3ResTime" : 774.0,
    "throughput" : 1.2919896640826873,
    "receivedKBytesPerSec" : 86.72732961886305,
    "sentKBytesPerSec" : 0.1741157945736434
  },
  "Obtener 1k pokemones" : {
    "transaction" : "Obtener 1k pokemones",
    "sampleCount" : 1,
    "errorCount" : 0,
    "errorPct" : 0.0,
    "meanResTime" : 774.0,
    "medianResTime" : 774.0,
    "minResTime" : 774.0,
    "maxResTime" : 774.0,
    "pct1ResTime" : 774.0,
    "pct2ResTime" : 774.0,
    "pct3ResTime" : 774.0,
    "throughput" : 1.2919896640826873,
    "receivedKBytesPerSec" : 86.72732961886305,
    "sentKBytesPerSec" : 0.1741157945736434
  }
}