{
  "Total" : {
    "transaction" : "Total",
    "sampleCount" : 1,
    "errorCount" : 0,
    "errorPct" : 0.0,
    "meanResTime" : 711.0,
    "medianResTime" : 711.0,
    "minResTime" : 711.0,
    "maxResTime" : 711.0,
    "pct1ResTime" : 711.0,
    "pct2ResTime" : 711.0,
    "pct3ResTime" : 711.0,
    "throughput" : 1.4064697609001406,
    "receivedKBytesPerSec" : 94.44224683544304,
    "sentKBytesPerSec" : 0.18954377637130804
  },
  "Obtener 1k pokemones" : {
    "transaction" : "Obtener 1k pokemones",
    "sampleCount" : 1,
    "errorCount" : 0,
    "errorPct" : 0.0,
    "meanResTime" : 711.0,
    "medianResTime" : 711.0,
    "minResTime" : 711.0,
    "maxResTime" : 711.0,
    "pct1ResTime" : 711.0,
    "pct2ResTime" : 711.0,
    "pct3ResTime" : 711.0,
    "throughput" : 1.4064697609001406,
    "receivedKBytesPerSec" : 94.44224683544304,
    "sentKBytesPerSec" : 0.18954377637130804
  }
}